id,title,text,created_utc,upvotes,comments,url,cluster,created_at
1jo3q8m,Trump on car tariffs: “I couldn’t care less if they raise prices” | Consumers will have to pay the price of the president's unnecessary trade war.,,1743429235.0,2195,169,https://arstechnica.com/cars/2025/03/trump-on-car-tariffs-i-couldnt-care-less-if-they-raise-prices/,4,2025-03-31 19:23:55
1jnl64l,FBI raids home of prominent computer scientist whose professor profile has disappeared from Indiana University — “He’s been missing for two weeks and his students can’t reach him”: fellow professor,,1743364951.0,42321,1673,https://arstechnica.com/security/2025/03/computer-scientist-goes-silent-after-fbi-raid-and-purging-from-university-website/,1,2025-03-31 01:32:31
1jo2o22,Trump threatens important data deal – German companies alarmed,,1743426173.0,520,35,https://www.handelsblatt.com/politik/deutschland/trump-bedroht-wichtigen-daten-deal-wirtschaft-fuerchtet-verheerende-folgen/100114166.html,0,2025-03-31 18:32:53
1jo1m6e,New Windows 11 build makes mandatory Microsoft Account sign-in even more mandatory,,1743422875.0,590,160,https://arstechnica.com/gadgets/2025/03/new-windows-11-build-makes-mandatory-microsoft-account-sign-in-even-more-mandatory/,2,2025-03-31 17:37:55
1jns0lx,DOGE Plans to Rewrite Entire Social Security Codebase in Just 'a Few Months': Report,,1743384551.0,3816,805,https://gizmodo.com/doge-plans-to-rewrite-entire-social-security-codebase-in-just-a-few-months-report-2000582062,3,2025-03-31 06:59:11
1jo17cw,Microsoft is redesigning the Windows BSOD and it might change to black,,1743421477.0,459,121,https://www.theverge.com/news/639445/microsoft-windows-bsod-black-new-design,2,2025-03-31 17:14:37
1jo1v07,Chinese Honda EV plant replaces 30% workforce with AI & robotics,,1743423680.0,370,36,https://interestingengineering.com/innovation/honda-replaces-humans-with-robots-and-ai,1,2025-03-31 17:51:20
1jnq2cz,Pentagon Cancels $280M Over-Budget HR Project -- Oracle and Leidos Left Reeling,,1743378394.0,2918,192,https://finance.yahoo.com/news/pentagon-cancels-280m-over-budget-154730364.html,1,2025-03-31 05:16:34
1jnvo24,"DeepSeek surpasses ChatGPT in new monthly visits, emerges as the fastest-growing AI tool",,1743397325.0,1072,74,https://m.economictimes.com/tech/artificial-intelligence/deepseek-surpasses-chatgpt-in-new-monthly-visits-emerges-as-the-fastest-growing-ai-tool-report/amp_articleshow/119754529.cms,1,2025-03-31 10:32:05
1jo1ze7,Apple hit with $162 million French antitrust fine over privacy tool,,1743424079.0,268,39,https://www.reuters.com/technology/french-antitrust-regulator-fines-apple-150-million-euros-over-privacy-tool-2025-03-31/,1,2025-03-31 17:57:59
1jo4bhs,"Privacy died last century, the only way to go is off-grid",,1743430811.0,142,26,https://www.theregister.com/2025/03/31/privacy_dead_opinion/,1,2025-03-31 19:50:11
1jndsd1,Trump says he ‘couldn’t care less’ if tariffs make car prices go up,,1743345409.0,15948,1065,https://www.theguardian.com/us-news/2025/mar/30/trump-car-tariffs?CMP=Share_AndroidApp_Other,4,2025-03-30 20:06:49
1jnsqmx,Weight Loss Breakthrough: Stanford Scientists Discover “Natural Ozempic” Without the Side Effects,,1743386950.0,1182,420,https://scitechdaily.com/weight-loss-breakthrough-stanford-scientists-discover-natural-ozempic-without-the-side-effects/,1,2025-03-31 07:39:10
1jns0ff,Trump says TikTok sale deal to come before Saturday deadline,,1743384535.0,1036,142,https://www.reuters.com/technology/trump-says-tiktok-sale-deal-come-before-saturday-deadline-2025-03-30/,0,2025-03-31 06:58:55
1jniv34,Utahns lose jobs at Texas Instruments after it snagged up to $1.6B in federal CHIPS Act funding,,1743358978.0,3692,100,https://www.sltrib.com/news/business/2025/03/28/utah-texas-instruments-is-laying/,1,2025-03-30 23:52:58
1jndmf9,Reddit’s 50% Plunge Fails to Entice Dip Buyers as Growth Slows,,1743344943.0,6455,776,https://finance.yahoo.com/news/reddit-50-plunge-fails-entice-114144562.html,1,2025-03-30 19:59:03
1jnsbc1,Experimental Lilly drug cuts genetic heart disease risk factor by 94% in trial,,1743385534.0,704,48,https://www.reuters.com/business/healthcare-pharmaceuticals/experimental-lilly-drug-cuts-genetic-heart-disease-risk-factor-by-94-trial-2025-03-30/,1,2025-03-31 07:15:34
1jn8dkz,Two-Thirds of Americans Now Say They Wouldn’t Drive a Tesla,,1743324911.0,48266,2243,https://www.theolympian.com/news/business/article303041369.html,1,2025-03-30 14:25:11
1jnakvd,What could possibly go wrong? DOGE to rapidly rebuild Social Security codebase | A safe and proper rewrite should take years not months.,,1743334724.0,4620,484,https://arstechnica.com/tech-policy/2025/03/what-could-possibly-go-wrong-doge-to-rapidly-rebuild-social-security-codebase/,3,2025-03-30 17:08:44
1jo202o,Exclusive: Arm expects its share of data center CPU market sales to rocket to 50% this year,,1743424141.0,34,2,https://www.reuters.com/technology/arm-expects-its-share-data-center-cpu-market-sales-rocket-50-this-year-2025-03-31/,0,2025-03-31 17:59:01
1jnr3tv,Linus Torvalds rages against ‘random turd files’ in Linux 6.15-rc1 directories,,1743381643.0,291,39,https://www.tomshardware.com/software/linux/linus-torvalds-rages-against-random-turd-files-in-linux-6-15-rc1-directories,1,2025-03-31 06:10:43
1jnmam7,"China’s supersonic jet C949 targets 50% range increase over Concorde, 95% less sound",,1743367864.0,510,88,https://interestingengineering.com/transportation/chinas-supersonic-jet-concorde,1,2025-03-31 02:21:04
1jnblfh,"Protests hit Tesla dealerships across the world, from Australia to Europe and the US — Organizers have also been careful to distance themselves from ‘violent’ vandalism",,1743338597.0,2194,90,https://www.theguardian.com/world/2025/mar/29/tesla-protests-elon-musk-doge,1,2025-03-30 18:13:17
1jncmgn,YouTube Turns Off Ad Revenue For Fake Movie Trailer Channels After Deadline Investigation,,1743342018.0,1210,83,https://deadline.com/2025/03/youtube-ad-revenue-fake-movie-trailer-screen-culture-1236354143,1,2025-03-30 19:10:18
1jo1uzh,Overblown quantum dot conspiracy theories make important points about QLED TVs | Lawsuits and allegations are creating doubt around quantum dot TVs' use of QDs.,,1743423678.0,19,6,https://arstechnica.com/gadgets/2025/03/overblown-quantum-dot-conspiracy-theories-make-important-points-about-qled-tvs/,4,2025-03-31 17:51:18
1jn45tp,Trump says he ‘couldn’t care less’ if foreign automakers raise prices due to tariffs | President Donald Trump also said he wouldn’t fire anyone involved in the Signal group chat.,,1743306735.0,7310,431,https://www.nbcnews.com/politics/donald-trump/trump-says-couldnt-care-less-automakers-raise-prices-tariffs-rcna198731,4,2025-03-30 09:22:15
1jndq8q,Charlie Javice convicted of defrauding JPMorgan during $175 million sale of financial aid startup,,1743345240.0,623,76,https://apnews.com/article/charlie-javice-convicted-fraud-jp-morgan-783cb7b089f6ab5d814c4c0984f0302b,0,2025-03-30 20:04:00
1jo1t7e,"Google’s AI Drug Discovery Firm Isomorphic Labs Secures $600M Funding
(founded by Demis Hassabis)",,1743423521.0,9,1,https://www.prnewswire.com/news-releases/isomorphic-labs-announces-600-million-funding-to-further-develop-its-next-generation-ai-drug-design-engine-and-advance-therapeutic-programs-into-the-clinic-302415534.html,1,2025-03-31 17:48:41
1jnhz3x,US immigration officials look to expand social media data collection,,1743356690.0,283,38,https://apnews.com/article/social-media-immigration-applicants-handles-dhs-f67b480abebff7e451056be17572593d,3,2025-03-30 23:14:50
1jngthf,Shuttle used to supply the International Space Station with food is damaged as future trips are put on hold,,1743353653.0,329,28,https://www.yahoo.com/news/shuttle-used-supply-international-space-153802207.html,1,2025-03-30 22:24:13
1jntcwy,"XPG Prime tuning app dumps 50GB of anime girl photos in Redditor's temp folder | From our testing, the software doesn't clear its temporary image cache, creating duplicates on every restart.",,1743388990.0,36,1,https://www.tomshardware.com/software/xpg-prime-tuning-app-dumps-50gb-of-anime-girl-photos-in-redditors-temp-folder,1,2025-03-31 08:13:10
1jmxnez,Elon Musk's Alleged Meddling Sparks Reddit Backlash,,1743286297.0,7225,185,https://www.newsweek.com/elon-musk-doge-reddit-backlash-2051941,1,2025-03-30 03:41:37
1jn940f,BBC News: Dating apps for kink and LGBT communities expose 1.5m private user images online,,1743328325.0,681,119,https://www.bbc.com/news/articles/c05m5m5v327o,1,2025-03-30 15:22:05
1jmrki0,Trump claims offshore wind energy is driving whales ‘loco.’ Scientists disagree,,1743269626.0,15635,786,https://www.independent.co.uk/news/science/trump-offshore-wind-whales-killing-b2722642.html,4,2025-03-29 23:03:46
1jmunwd,Over 200 ‘Tesla Takedown’ protests take place throughout US on ‘Global Day of Action’,,1743278004.0,6597,244,https://www.cnn.com/2025/03/29/business/tesla-takedown-elon-musk-doge/index.html,1,2025-03-30 01:23:24
1jo5nrd,"Thinnest reflectors ever made by humans – now 10,000× cheaper, larger and manufactured for laser-powered interstellar exploration",,1743434297.0,2,0,https://techxplore.com/news/2025-03-fabrication-method-lightsails-interstellar.html,1,2025-03-31 20:48:17
1jo5h1e,US Space Force wants a new 'orbital carrier' to be a spacecraft launch pad in space,,1743433813.0,3,0,https://www.space.com/us-space-force-orbital-carrier-spacecraft-launch-pad-in-space,1,2025-03-31 20:40:13
1jn1jer,‘Over 1 Million’ People Wanted a Cybertruck. Where Are They?,,1743297804.0,1993,534,https://www.wired.com/story/where-did-the-one-million-people-who-wanted-a-cybertruck-go/,1,2025-03-30 06:53:24
1jnd0kv,Microsoft eliminates workaround that circumvents Microsoft account requirement during Windows 11 installation,,1743343211.0,185,46,https://www.tomshardware.com/software/windows/microsoft-eliminates-workaround-that-circumvents-microsoft-account-requirement-during-windows-11-installation,2,2025-03-30 19:30:11
1jmwktq,"Trump’s FCC starts harassing public broadcasters with bogus investigations, despite no evidence of actual violations — Public broadcasting (what very little the U.S. has) challenges right-wing perspectives distributed via AM radio, broadcast TV, cable TV, and the internet",,1743283266.0,3705,65,https://www.techdirt.com/2025/03/28/trumps-fcc-starts-harassing-public-broadcasters-with-bogus-investigations/,4,2025-03-30 02:51:06
1jo1c98,Windows 11 quick machine recovery: Restoring devices with boot issues,,1743421948.0,1,0,https://www.helpnetsecurity.com/2025/03/31/quick-machine-recovery-restoring-windows-11-devices-with-boot-issues/,2,2025-03-31 17:22:28
1jnpe17,"Apple’s ‘Project Mulberry’ AI agent aims to replicate your doctor by 2026, report says",,1743376389.0,32,52,https://9to5mac.com/2025/03/30/apple-health-doctor-project-mulberry/,3,2025-03-31 04:43:09
1jne0kv,AI Experts Say We’re on the Wrong Path to Achieving Human-Like AI,,1743346075.0,122,45,https://gizmodo.com/ai-experts-say-were-on-the-wrong-path-to-achieving-human-like-ai-2000581717,1,2025-03-30 20:17:55
1jnfgc9,"Move fast, kill things: the tech startups trying to reinvent defence with Silicon Valley values",,1743350005.0,98,3,https://www.theguardian.com/world/2025/mar/29/move-fast-kill-things-the-tech-startups-trying-to-reinvent-defence-with-silicon-valley-values,1,2025-03-30 21:23:25
1jmzycg,"Private groups work to identify and report student protesters for possible deportation.  “Months of them hiding their faces went down the drain!” a fledgling technology company boasted in a social media post, claiming its facial-recognition tool had identified the woman despite the coverings.",,1743292958.0,1785,246,https://apnews.com/article/trump-foreign-students-campus-gaza-protests-deportation-9e2d4abc1c158454da1f68c01062c9ef,3,2025-03-30 05:32:38
1jnjg1c,‘Open source’ AI isn’t truly open — here’s how researchers can reclaim the term,,1743360475.0,53,6,https://www.nature.com/articles/d41586-025-00930-6,1,2025-03-31 00:17:55
1jniuxc,First orbital rocket launched from mainland Europe crashes after takeoff,,1743358965.0,50,9,https://www.theguardian.com/science/2025/mar/30/first-orbital-rocket-launched-europe-crashes-launch-spectrum,0,2025-03-30 23:52:45
1jmvnju,"Furious Garmin users revolt over new subscription service – ""We need to take a firm stand""",,1743280710.0,2674,265,https://www.techradar.com/health-fitness/smartwatches/furious-garmin-users-revolt-over-new-subscription-service-we-need-to-take-a-firm-stand,1,2025-03-30 02:08:30
1jn4lkz,"Apple finally steps up AI game, reportedly orders around $1B worth of Nvidia GPUs",,1743308330.0,631,133,https://www.pcguide.com/news/apple-finally-steps-up-ai-game-reportedly-orders-around-1b-worth-of-nvidia-gpus/,1,2025-03-30 09:48:50
1jmn51y,Trump Is Set On Tariffing Chips. It’s Not So Simple.,,1743257516.0,6341,505,https://finance.yahoo.com/news/trump-is-set-on-tariffing-chips-its-not-so-simple-100049056.html,4,2025-03-29 19:41:56
1jo2gpo,Could Nvidia's Revolutionary Optical Switch Transform AI Data Centers Forever?,,1743425573.0,0,0,https://spectrum.ieee.org/co-packaged-optics,0,2025-03-31 18:22:53
1jo27ry,Nvidia Research: The Real Reason Big Green Commands Big Profits,,1743424815.0,0,0,https://www.nextplatform.com/2025/03/30/nvidia-research-the-real-reason-big-green-commands-big-profits/,1,2025-03-31 18:10:15
1jnmcs6,Jennifer Salke Steps Down As Head Of Amazon MGM Studios,,1743368025.0,18,22,https://deadline.com/2025/03/jennifer-salke-steps-down-amazon-mgm-studios-first-look-deal-1236352680/,1,2025-03-31 02:23:45
1jmpid0,Why You Can (And Should) Opt Out Of TSA Facial Recognition Right Now,,1743264122.0,3512,335,https://www.huffpost.com/entry/tsa-facial-scan-opt-out_l_67e2f79fe4b075349cd175d6/amp,1,2025-03-29 21:32:02
1jmwzi6,Meta loses two execs overseeing the company's largest markets and key advertising verticals,,1743284426.0,1179,50,https://www.businessinsider.com/meta-veterans-apac-advertising-depart-2025-3,0,2025-03-30 03:10:26
1jmn4qe,IRS to overhaul its tech after finding $21.1 billion in fraud in just two years,,1743257490.0,4795,293,https://fortune.com/2025/03/28/irs-criminal-investigation-ai-technology-tax-bank-fraud/,4,2025-03-29 19:41:30
1jnakdn,NASA’s Curiosity rover has found the longest chain carbon molecules yet on Mars | It’s a significant finding in the search for alien life.,,1743334676.0,79,0,https://arstechnica.com/science/2025/03/nasas-curiosity-rover-has-found-the-longest-chain-carbon-molecules-yet-on-mars/,1,2025-03-30 17:07:56
1jnevkl,"Chips On The Table, Taiwan Seen Avoiding The Worst US Tariffs",,1743348462.0,30,2,https://www.scmp.com/economy/global-economy/article/3304307/taiwan-poised-avoid-worst-us-tariffs-after-tsmc-pledges-analysts-say,1,2025-03-30 20:57:42
1jnhsd9,"Engineers have unveiled a new technology that creates precise movements to mimic complex tactile sensations, including pressure, vibration, stretching, sliding and twisting",,1743356184.0,19,4,https://news.northwestern.edu/stories/2025/03/feeling-the-future-new-wearable-device-mimics-the-complexity-of-human-touch/,1,2025-03-30 23:06:24
1jmrm9c,"Trump commutes sentence of Ozy Media founder Carlos Watson | Watson was convicted of conspiracy to commit securities fraud, conspiracy to commit wire fraud, and aggravated identity theft.",,1743269751.0,1517,110,https://www.nbcnews.com/business/business-news/trump-commutes-sentence-ozy-media-founder-carlos-watson-rcna198667,4,2025-03-29 23:05:51
1jnjodk,Labour group tells MPs they must be on YouTube and TikTok,,1743361079.0,8,10,https://www.theguardian.com/politics/2025/mar/30/labour-growth-group-social-media-youtube-tiktok,1,2025-03-31 00:27:59
1jmnpb8,Those return-to-office plans? CFOs aren’t all in.,,1743259168.0,1753,180,https://www.cfodive.com/news/rto-plans-cfos-pandemic-remote-work-zoom/743804/,1,2025-03-29 20:09:28
1jo4q2y,How TikTok became the world’s most controversial app,,1743431889.0,0,6,https://www.independent.co.uk/tech/tiktok-banned-trump-map-countries-downloads-b2724441.html,1,2025-03-31 20:08:09
1jmrfuu,Canada Needs Advanced Monitoring to Combat Disinformation. Among the country's greatest vulnerabilities is its fragmented media ecosystem.,,1743269291.0,926,59,https://www.cigionline.org/articles/canada-needs-advanced-monitoring-to-combat-disinformation/,4,2025-03-29 22:58:11
1jn28ud,Russia completes development of 30-year-old outdated lithography tool,,1743300124.0,177,32,https://www.tomshardware.com/tech-industry/russia-completes-development-of-30-year-old-outdated-lithography-tool,1,2025-03-30 07:32:04
1jnawbt,Nuclear-powered battery could eliminate need for recharging,,1743336013.0,30,33,https://www.techspot.com/news/107339-nuclear-powered-battery-could-eliminate-need-recharging.html,1,2025-03-30 17:30:13
1jnl86i,AI in Classrooms: Schools Prepare to Teach Artificial Intelligence from Primary Grades,,1743365100.0,8,13,https://www.thebridgechronicle.com/news/ai-in-classrooms-schools-prepare-to-teach-artificial-intelligence-from-primary-grades,1,2025-03-31 01:35:00
1jmpo7g,Hyundai facing legal action over car that can be stolen ‘effortlessly in seconds’,,1743264576.0,809,120,https://www.theguardian.com/technology/2025/mar/29/hyundai-facing-legal-action-over-car-that-can-be-stolen-effortlessly-in-seconds?CMP=Share_AndroidApp_Other,1,2025-03-29 21:39:36
1jmrrtc,Oracle has reportedly suffered 2 separate breaches exposing thousands of customers‘ PII,,1743270163.0,560,30,https://arstechnica.com/security/2025/03/oracle-is-mum-on-reports-it-has-experienced-2-separate-data-breaches,1,2025-03-29 23:12:43
1jmrgua,"Trump’s State Department was supposed to keep sensitive information about foreign grants private, despite Musk’s meddling. It all leaked",,1743269362.0,500,13,https://www.rollingstone.com/politics/politics-features/trump-leak-danger-spreadsheet-state-department-usaid-1235306394/,4,2025-03-29 22:59:22
1jmowwb,"Germany to house world's largest stadium solar roof with 11,000 panels",,1743262494.0,543,12,https://interestingengineering.com/energy/germany-to-house-worlds-largest-stadium-solar-roof,1,2025-03-29 21:04:54
1jn3yok,'Something is rotten': Apple's AI strategy faces doubts,,1743306007.0,35,8,https://uk.finance.yahoo.com/news/something-rotten-apples-ai-strategy-031817508.html,1,2025-03-30 09:10:07
1jm8jlh,Norway’s State Investment Fund Should Dump Tesla,,1743203756.0,6424,116,https://prospect.org/world/2025-03-28-norways-state-investment-fund-should-dump-tesla/,1,2025-03-29 04:45:56
1jmu4ym,"Putting the smartphone away at work may not be sufficient to reduce disruption and procrastination, or increase focus. The problem is not rooted within the device itself, but in the habits and routines that we have developed with our devices",,1743276552.0,125,32,https://www.frontiersin.org/news/2025/03/28/distracted-phone-procrastinate,1,2025-03-30 00:59:12
1jmz8fj,YouTube Premium is letting some viewers delete ads for their friends,,1743290862.0,60,31,https://www.tubefilter.com/2025/03/28/youtube-premium-share-ad-free-videos-ad-block/,1,2025-03-30 04:57:42
1jmd782,"California Assembly speaker, more Democratic state lawmakers ditch X",,1743218039.0,2217,37,https://www.kcra.com/article/california-assembly-speaker-democratic-state-lawmakers-x/64313276,1,2025-03-29 08:43:59
1jm22rt,Elon Musk makes request to Reddit CEO to take down posts he didn't like,,1743186800.0,13268,1092,https://mashable.com/article/elon-musk-messaged-reddit-ceo-over-content?utm_campaign=trueAnthem%3A+Trending+Content&utm_medium=trueAnthem&utm_source=facebook,1,2025-03-29 00:03:20
1jlzcc0,"Car prices could jump $6,000 as Trump's 25% import tariff kicks in | Brace for higher car prices",,1743179934.0,29863,2638,https://www.techspot.com/news/107330-car-prices-could-jump-6000-trump-25-import.html,4,2025-03-28 22:08:54
1jmjkzl,Trading Gas Pumps For EV Chargers In Norway,,1743245048.0,481,51,https://cleantechnica.com/2025/03/28/trading-gas-pumps-for-ev-chargers-in-norway/,1,2025-03-29 16:14:08
1jm5uc5,"Trump’s auto tariffs are a gift to Tesla — Essentially every other automaker is in a worse position than Tesla, and the tariffs will especially affect competing EVs",,1743196431.0,6021,652,https://techcrunch.com/2025/03/27/trumps-auto-tariffs-are-a-gift-to-tesla/,1,2025-03-29 02:43:51
1jm9a2k,The Gleeful Cruelty of the White House X Account,,1743205852.0,3402,112,https://www.theatlantic.com/technology/archive/2025/03/gleeful-cruelty-white-house-x-account/682234/?gift=7VFLQjBPcPi9BlBEooKX2yLkvrOPcy11zfnorxEfw_E,2,2025-03-29 05:20:52
1jm1e5z,Trump Warned U.S. Automakers Not to Raise Prices in Response to Tariffs,,1743185072.0,10983,1436,https://www.wsj.com/business/autos/trump-tariffs-automaker-prices-warning-928bc7a9,4,2025-03-28 23:34:32
1jmmje5,Does AI’s potential to benefit civilization justify gobbling up so much energy? The Tech Fantasy That Powers A.I. Is Running on Fumes.,,1743255714.0,206,68,https://www.nytimes.com/2025/03/29/opinion/ai-tech-innovation.html?smid=nytcore-ios-share&referringSource=articleShare&sgrp=c&pvid=B87909E8-A4B7-4330-A634-7FF60A7CBBA5,1,2025-03-29 19:11:54
1jm9jaz,Windows 11 is closing a loophole that let you skip making a Microsoft account,,1743206581.0,2432,669,https://www.theverge.com/news/638967/microsoft-windows-11-account-internet-bypass-blocked,2,2025-03-29 05:33:01
1jnvbyk,"PlayStation 4 shipments have ended in Japan as of March 28, 2024",,1743395993.0,0,1,https://www.neogaf.com/threads/playstation-4-shipments-have-ended-in-japan-as-of-march-28-2024.1682300/,1,2025-03-31 10:09:53
1jn29q5,"Nvidia's 50-series laptop launch looks bumpy: slipping ship dates, game crashes, and delayed review units",,1743300206.0,19,1,https://www.tomshardware.com/laptops/gaming-laptops/nvidias-50-series-laptop-launch-looks-bumpy-slipping-ship-dates-game-crashes-and-delayed-review-units,1,2025-03-30 07:33:26
1jnsgv9,Apple Working on AI Doctor and Health App Revamp,,1743386053.0,0,12,https://www.pcmag.com/news/apple-working-on-ai-doctor-and-health-app-revamp,1,2025-03-31 07:24:13
1jlzvcx,US hits lithium jackpot: 18M tons worth $540B found underground,,1743181265.0,8016,751,https://interestingengineering.com/energy/us-hits-lithium-jaxkpot-worth-billions?group=test_b,1,2025-03-28 22:31:05
1jmoo65,Fashion giant H&M plans to use AI clones of its human models. Not everyone is happy,,1743261828.0,103,64,https://www.cnn.com/2025/03/28/style/h-and-m-ai-models-intl-scli/index.html,3,2025-03-29 20:53:48
1jm0c5n,Elon Says Government Will ‘Go After’ People ‘Pushing the Propaganda’ About Tesla,,1743182413.0,6017,1190,https://www.rollingstone.com/politics/politics-news/elon-musk-tesla-attacks-trump-government-1235305402/,1,2025-03-28 22:50:13
1jm2rmt,X Goes Down for Thousands of Users,,1743188545.0,4173,354,https://variety.com/2025/digital/news/x-down-twitter-problems-1236350290/,1,2025-03-29 00:32:25
1jm6lje,X sold to Xai,,1743198474.0,2316,683,https://www.hollywoodreporter.com/business/business-news/x-sold-elon-musk-ai-company-xai-1236175325/,1,2025-03-29 03:17:54
1jms4tg,Bridging the gap: Reusing wind turbine blades to build bridges,,1743271119.0,55,9,https://techxplore.com/news/2025-03-bridging-gap-reusing-turbine-blades.html,1,2025-03-29 23:28:39
1jm1s9x,"""Tesla Takedown"" Plans Mass Protests Amid Trump Crackdown",,1743186067.0,3799,196,https://www.axios.com/2025/03/28/tesla-protests-saturday-elon-musk-trump-doge,3,2025-03-28 23:51:07
1jm78in,Elon Musk says he sold X to his AI company,,1743200152.0,1748,336,https://www.cnn.com/2025/03/28/business/elon-musk-sells-x-to-xai/index.html,1,2025-03-29 03:45:52
1jlu0df,"Russian propaganda network Pravda tricks 33% of AI responses in 49 countries | Just in 2024, the Kremlin’s propaganda network flooded the web with 3.6 million fake articles to trick the top 10 AI models, a report reveals.",,1743165265.0,9454,275,https://euromaidanpress.com/2025/03/27/russian-propaganda-network-pravda-tricks-33-of-ai-responses-in-49-countries/,1,2025-03-28 18:04:25
1jlv7dt,How OpenAI's Ghibli frenzy took a dark turn real fast,,1743168896.0,6626,1248,https://www.businessinsider.com/openai-studio-ghibli-image-generator-copyright-debate-sam-altman-2025-3,1,2025-03-28 19:04:56
1jmfrrz,McMaster researchers discover new class of antibiotics,,1743227697.0,280,26,https://healthsci.mcmaster.ca/a-breakthrough-moment-mcmaster-researchers-discover-new-class-of-antibiotics/,1,2025-03-29 11:24:57
1jlwil2,"DOGE Plans to Rebuild SSA Codebase In Months, Risking Benefits and System Collapse",,1743172531.0,3721,885,https://www.wired.com/story/doge-rebuild-social-security-administration-cobol-benefits/,3,2025-03-28 20:05:31
1jm4ywl,"US Securities and Exchange Commission beginning to bring on DOGE staff, email says",,1743194200.0,946,60,https://www.reuters.com/world/us/us-securities-exchange-commission-beginning-onboard-doge-staff-email-says-2025-03-28/,3,2025-03-29 02:06:40
